{
  "Name": "English",
  "Values": {
    "a": 0.07666082,
    "b": 0.015804034,
    "c": 0.022704285,
    "d": 0.03924942,
    "e": 0.1197707,
    "f": 0.021230431,
    "g": 0.01796914,
    "h": 0.06315376,
    "i": 0.06682734,
    "j": 0.0012346786,
    "k": 0.009331793,
    "l": 0.044612218,
    "m": 0.029059393,
    "n": 0.06444713,
    "o": 0.082084514,
    "p": 0.015212232,
    "q": 0.0009849435,
    "r": 0.062328674,
    "s": 0.066072494,
    "t": 0.08749053,
    "u": 0.03384684,
    "v": 0.009955762,
    "w": 0.023689473,
    "x": 0.0013336395,
    "y": 0.024504734,
    "z": 0.0004410268
  }
}