{
  "Name": "English",
  "Values": {
    "a": 0.083349675,
    "b": 0.017031968,
    "c": 0.016350381,
    "d": 0.0523672,
    "e": 0.12323338,
    "f": 0.023915775,
    "g": 0.02490931,
    "h": 0.066632226,
    "i": 0.061975215,
    "j": 0.00088200264,
    "k": 0.009247781,
    "l": 0.0442732,
    "m": 0.023725616,
    "n": 0.0694325,
    "o": 0.07822005,
    "p": 0.012996292,
    "q": 0.00056449877,
    "r": 0.05845746,
    "s": 0.059916783,
    "t": 0.08991684,
    "u": 0.026522469,
    "v": 0.008117074,
    "w": 0.027489083,
    "x": 0.0004901439,
    "y": 0.019559179,
    "z": 0.00042390826
  }
}