{
  "Name": "English",
  "Values": {
    "a": 0.07797583,
    "b": 0.016389824,
    "c": 0.028125748,
    "d": 0.040946968,
    "e": 0.13008848,
    "f": 0.022699263,
    "g": 0.022073837,
    "h": 0.051634382,
    "i": 0.06894395,
    "j": 0.0029063886,
    "k": 0.007909792,
    "l": 0.037764657,
    "m": 0.021834703,
    "n": 0.07072825,
    "o": 0.079631366,
    "p": 0.020179166,
    "q": 0.0006622151,
    "r": 0.061199713,
    "s": 0.05498225,
    "t": 0.09846771,
    "u": 0.027868219,
    "v": 0.009068668,
    "w": 0.027702665,
    "x": 0.0018394864,
    "y": 0.017640674,
    "z": 0.00073579454
  }
}