{
  "Name": "German",
  "Values": {
    "a": 0.055367526,
    "b": 0.01935983,
    "c": 0.032865427,
    "d": 0.048985362,
    "e": 0.17722164,
    "f": 0.015751107,
    "g": 0.032626774,
    "h": 0.05172626,
    "i": 0.08084556,
    "j": 0.0024407706,
    "k": 0.012167694,
    "l": 0.036098093,
    "m": 0.027333016,
    "n": 0.10665625,
    "o": 0.02318913,
    "p": 0.0069245566,
    "q": 0.00016271805,
    "r": 0.07606888,
    "s": 0.059081115,
    "t": 0.05814458,
    "u": 0.038361683,
    "v": 0.009101363,
    "w": 0.015845122,
    "x": 0.0004556105,
    "y": 0.00036159565,
    "z": 0.012858341
  }
}